-2423,3680,-2236
-2521,3678,-2106
-2632,3717,-1953
-2732,3724,-1804
-2831,3751,-1656
-2924,3772,-1513
-3013,3746,-1351
-3097,3796,-1202
-3160,3798,-1077
-3247,3808,-910
-3306,3784,-762
-3382,3775,-619
-3429,3778,-619
-3429,3778,-487
-3474,3760,-356
-3533,3776,-214
-3571,3773,-78
-3615,3754,46
-3644,3754,170
-3654,3760,257
-3682,3761,367
-3715,3753,454
-3731,3745,532
-3747,3710,612
-3759,3684,689
-3791,3696,739
-3806,3692,804
-3807,3650,822
-3836,3666,882
-3819,3666,896
-3833,3652,942
-3838,3660,956
-3830,3664,993
-3840,3664,986
-3822,3642,998
-3842,3664,997
-3857,3646,998
-3856,3639,1017
-3850,3616,1036
-3854,3619,1033
-3856,3620,1055
-3876,3611,1038
-3870,3604,1062
-3868,3611,1062
-3868,3605,1054
-3871,3580,1077
-3859,3585,1064
-3877,3585,1090
-3873,3585,1090
-3873,3579,1078
-3865,3563,1099
-3864,3586,1093
-3885,3597,1082
-3868,3587,1079
-3853,3595,1083
-3849,3599,1068
-3830,3628,1058
-3832,3622,1035
-3831,3628,1002
-3829,3642,927
-3798,3637,893
-3804,3649,801
-3802,3670,764
-3766,3681,701
-3757,3676,658
-3744,3697,582
-3744,3703,533
-3725,3693,471
-3714,3703,422
-3704,3686,345
-3679,3706,305
-3662,3716,231
-3665,3725,189
-3656,3727,125
-3623,3731,64
-3617,3717,-7
-3594,3733,-70
-3570,3720,-137
-3551,3732,-189
-3518,3746,-259
-3515,3772,-310
-3483,3765,-363
-3457,3785,-416
-3435,3784,-471
-3397,3784,-471
-3397,3755,-524
-3389,3778,-589
-3355,3761,-649
-3338,3751,-732
-3298,3762,-789
-3279,3747,-853
-3249,3737,-914
-3232,3745,-1008
-3200,3721,-1065
-3186,3688,-1156
-3144,3668,-1220
-3131,3645,-1312
-3104,3598,-1392
-3096,3535,-1487
-3076,3495,-1565
-3041,3410,-1656
-2998,3383,-1723
-2983,3347,-1814
-2972,3329,-1865
-2940,3279,-1918
-2913,3280,-1972
-2884,3275,-1997
-2846,3250,-2035
-2815,3278,-2079
-2782,3251,-2143
-2762,3237,-2176
-2716,3197,-2242
-2683,3198,-2279
-2665,3183,-2325
-2631,3133,-2380
-2583,3128,-2427
-2528,3097,-2479
-2485,3091,-2528
-2432,3080,-2575
-2382,3076,-2653
-2341,3076,-2653
-2341,3049,-2710
-2268,2997,-2765
-2229,2965,-2819
-2177,2922,-2883
-2115,2908,-2930
-2047,2885,-3001
-2007,2864,-3042
-1944,2868,-3099
-1858,2908,-3152
-1778,2933,-3198
-1711,2936,-3230
-1648,2956,-3264
-1570,2960,-3300
-1507,2982,-3361
-1461,3004,-3378
-1384,2992,-3410
-1329,3008,-3427
-1278,3014,-3466
-1197,3033,-3508
-1141,3060,-3518
-1072,3079,-3552
-1017,3094,-3569
-954,3093,-3574
-932,3125,-3601
-851,3133,-3642
-794,3144,-3647
-722,3157,-3685
-660,3191,-3707
-577,3196,-3733
-494,3217,-3737
-438,3221,-3783
-340,3230,-3789
-248,3246,-3823
-158,3237,-3830
-86,3267,-3830
-247,3267,-3881
9,3270,-3892
103,3278,-3912
217,3290,-3906
304,3326,-3937
407,3345,-3955
507,3358,-3970
612,3375,-3966
712,3377,-4004
804,3407,-3990
885,3400,-4008
994,3431,-4009
1087,3445,-4014
1180,3451,-4022
1278,3483,-4011
1391,3484,-4011
1476,3491,-4023
1579,3514,-4015
1681,3515,-4027
1763,3531,-4000
1852,3526,-3997
1937,3518,-3993
2033,3541,-3997
2126,3544,-3991
2211,3503,-3984
2299,3488,-3977
2367,3509,-3979
2453,3479,-3977
2523,3487,-3948
2598,3478,-3944
2683,3494,-3926
2746,3490,-3920
2822,3480,-3898
2897,3503,-3869
2981,3513,-3851
3033,3530,-3851
2857,3530,-3838
3113,3537,-3789
3209,3550,-3792
3292,3568,-3736
3344,3576,-3718
3402,3582,-3697
3480,3589,-3650
3542,3608,-3610
3624,3592,-3591
3696,3609,-3568
3733,3615,-3532
3793,3614,-3490
3845,3622,-3464
3923,3621,-3424
3965,3609,-3397
4037,3603,-3369
4090,3624,-3333
4152,3603,-3286
4198,3602,-3243
4281,3610,-3200
4345,3606,-3163
4397,3606,-3122
4456,3605,-3066
4547,3626,-3015
4601,3604,-2964
4666,3609,-2909
4740,3595,-2853
4786,3596,-2807
4878,3593,-2753
4948,3577,-2695
5003,3574,-2626
5066,3564,-2571
5117,3574,-2507
5192,3561,-2457
5248,3566,-2392
5322,3544,-2392
5368,3544,-2333
5368,3541,-2252
5439,3527,-2193
5493,3523,-2122
5554,3501,-2066
5621,3478,-1999
5677,3459,-1949
5719,3446,-1880
5779,3420,-1806
5840,3386,-1739
5884,3397,-1671
5933,3392,-1603
5982,3373,-1525
6016,3376,-1464
6074,3357,-1402
6118,3359,-1329
6144,3340,-1268
6183,3320,-1195
6216,3344,-1140
6254,3298,-1092
6278,3300,-1034
6313,3253,-967
6334,3241,-925
6373,3242,-866
6383,3230,-797
6432,3228,-738
6443,3216,-691
6480,3195,-614
6496,3197,-556
6511,3167,-530
6543,3163,-442
6554,3164,-387
6586,3139,-320
6599,3138,-248
6634,3117,-189
6661,3134,-189
6661,3134,-112
6667,3120,-37
6685,3095,54
6704,3104,143
6722,3076,228
6738,3075,312
6769,3031,384
6768,3041,474
6782,3044,549
6786,3044,651
6788,3055,745
6789,3031,854
6800,3016,957
6805,3026,1052
6792,3017,1151
6762,3022,1233
6778,3006,1327
6772,3019,1404
6788,3011,1482
6762,2996,1563
6761,2996,1629
6742,2984,1713
6732,2970,1769
6720,2972,1822
6702,2964,1893
6715,2934,1953
6687,2946,2008
6685,2912,2076
6678,2909,2125
6683,2921,2142
6670,2942,2178
6662,2918,2232
6626,2950,2268
6621,2944,2302
6605,2956,2369
6604,2961,2369
6604,2961,2395
6562,2957,2461
6571,2995,2490
6547,2997,2514
6546,3004,2558
6512,3020,2572
6524,3024,2598
6515,3046,2625
6497,3043,2633
6505,3046,2663
6492,3083,2695
6476,3076,2734
6461,3088,2760
6446,3080,2815
6425,3102,2841
6406,3109,2881
6395,3132,2914
6381,3149,2965
6359,3157,2987
6348,3164,3021
6312,3176,3067
6296,3204,3093
6276,3221,3104
6255,3229,3152
6217,3254,3182
6199,3246,3234
6187,3279,3260
6162,3274,3289
6122,3287,3327
6096,3307,3375
6071,3311,3389
6063,3321,3464
6030,3322,3477
6025,3320,3525
5955,3339,3562
5944,3332,3562
5944,3332,3590
5926,3342,3647
5895,3338,3703
5853,3352,3724
5816,3339,3770
5796,3353,3799
5763,3346,3825
5749,3344,3870
5731,3349,3908
5679,3322,3978
5638,3306,4030
5603,3290,4083
5553,3301,4163
5504,3299,4218
5465,3285,4265
5425,3271,4326
5379,3266,4384
5330,3248,4461
5281,3245,4511
5224,3245,4571
5194,3208,4604
5151,3207,4676
5111,3185,4731
5064,3139,4779
5021,3133,4841
4984,3141,4888
4925,3149,4929
4905,3147,4964
4868,3121,4984
4826,3099,5045
4770,3094,5052
4752,3060,5103
4702,3076,5133
4654,3070,5169
4619,3052,5191
4573,3036,5191
4525,3036,5246
4525,3058,5266
4495,3019,5290
4456,3025,5321
4427,3018,5357
4357,3020,5375
4345,3014,5433
4275,3006,5464
4217,2987,5516
4164,2987,5562
4103,2965,5594
4034,2949,5635
3991,2925,5676
3944,2929,5716
3896,2904,5747
3840,2896,5764
3832,2920,5784
3792,2934,5792
3757,2970,5809
3721,2970,5819
3696,2975,5843
3631,2976,5831
3606,3014,5838
3567,3027,5857
3544,3031,5864
3516,3045,5874
3481,3044,5887
3436,3058,5911
3396,3063,5910
3366,3069,5922
3345,3081,5934
3296,3085,5954
3253,3112,5944
3209,3125,5955
3160,3127,5971
3130,3141,5961
3089,3141,5961
3089,3159,5979
3060,3164,5993
3009,3188,6012
2963,3167,6023
2912,3197,6021
2892,3217,6047
2819,3213,6052
2780,3227,6052
2717,3249,6056
2689,3270,6069
2640,3278,6078
2586,3255,6097
2536,3290,6113
2479,3271,6123
2416,3250,6147
2363,3256,6165
2283,3238,6175
2206,3237,6217
2143,3218,6229
2077,3187,6252
2012,3154,6263
1930,3140,6294
1850,3113,6310
1806,3111,6330
1719,3075,6330
1657,3092,6333
1580,3092,6329
1520,3085,6338
1461,3092,6352
1377,3078,6355
1302,3070,6367
1257,3083,6351
1169,3055,6348
1103,3049,6350
1022,3039,6362
944,3042,6362
944,3042,6378
864,3045,6361
784,3034,6343
740,3062,6339
649,3067,6313
565,3099,6317
484,3092,6311
404,3090,6293
313,3113,6268
235,3111,6257
162,3129,6225
82,3140,6221
8,3176,6186
-41,3173,6173
-101,3201,6159
-182,3192,6149
-225,3180,6136
-280,3178,6126
-339,3172,6111
-383,3207,6100
-432,3196,6080
-502,3182,6080
-551,3205,6054
-591,3199,6046
-653,3196,6034
-701,3191,6015
-752,3163,6009
-800,3165,5996
-853,3204,5979
-898,3188,5970
-942,3214,5952
-994,3191,5903
-1050,3178,5909
-1110,3169,5901
-1173,3165,5882
-1246,3141,5882
-1246,3141,5860
-1299,3139,5839
-1364,3148,5822
-1446,3115,5798
-1509,3128,5750
-1585,3114,5721
-1659,3124,5691
-1725,3125,5664
-1790,3110,5621
-1870,3119,5591
-1940,3111,5552
-2026,3122,5524
-2098,3142,5440
-2166,3138,5410
-2251,3143,5351
-2343,3150,5298
-2418,3149,5233
-2501,3146,5182
-2579,3159,5109
-2674,3161,5043
-2781,3171,4968
-2831,3182,4880
-2923,3197,4805
-2996,3213,4715
-3072,3219,4637
-3109,3230,4554
-3228,3202,4461
-3292,3190,4382
-3360,3217,4290
-3413,3212,4217
-3505,3201,4125
-3572,3209,4055
-3634,3206,3934
-3692,3208,3844
-3752,3243,3737
-3789,3258,3737
-3789,3258,3666
-3850,3252,3565
-3902,3251,3458
-3960,3273,3354
-4009,3268,3256
-4067,3272,3139
-4106,3306,3024
-4143,3325,2915
-4198,3343,2806
-4235,3336,2682
-4267,3355,2542
-4324,3397,2423
-4350,3411,2305
-4399,3406,2179
-4422,3407,2052
-4463,3431,1922
-4471,3434,1802
-4494,3445,1670
-4518,3418,1536
-4532,3457,1373
-4575,3459,1228
-4591,3442,1083
-4582,3412,936
-4621,3418,772
-4615,3397,599
-4628,3387,452
-4622,3362,283
-4613,3361,132
-4607,3348,-31
-4594,3339,-178
-4573,3321,-344
-4545,3285,-490
-4518,3283,-659
-4479,3284,-798
-4448,3248,-964
-4383,3245,-964
-4383,3245,-1100
-4353,3239,-1267
-4273,3223,-1391
-4246,3183,-1555
-4174,3191,-1689
-4109,3163,-1803
-4035,3170,-1936
-3971,3138,-2092
-3894,3150,-2206
-3816,3130,-2350
-3724,3119,-2465
-3666,3107,-2590
-3561,3096,-2681
-3484,3110,-2788
-3377,3122,-2881
-3317,3110,-2988
-3236,3118,-3034
-3183,3121,-3125
-3101,3125,-3181
-3067,3103,-3243
-2998,3104,-3270
-2960,3086,-3325
-2913,3107,-3369
-2890,3096,-3377
-2847,3107,-3400
-2848,3118,-3414
-2832,3124,-3423
-2826,3139,-3402
-2834,3134,-3388
-2841,3153,-3360
-2870,3169,-3333
-2908,3169,-3305
-2922,3193,-3276
-2946,3210,-3208
-2982,3244,-3196
-3005,3265,-3196
-3005,3265,-3139
-3041,3264,-3092
-3079,3296,-3036
-3109,3317,-2995
-3143,3327,-2937
-3160,3359,-2881
-3211,3353,-2800
-3261,3367,-2763
-3295,3406,-2676
-3351,3394,-2628
-3387,3420,-2532
-3470,3429,-2453
-3499,3427,-2376
-3555,3438,-2283
-3588,3456,-2199
-3633,3462,-2108
-3707,3472,-1999
-3750,3478,-1910
-3815,3476,-1801
-3877,3502,-1693
-3959,3467,-1544
-4000,3483,-1435
-4060,3458,-1299
-4106,3441,-1150
-4137,3460,-1056
-4184,3441,-914
-4233,3432,-796
-4279,3440,-671
-4323,3430,-566
-4348,3419,-429
-4366,3415,-340
-4401,3428,-214
-4416,3432,-124
-4420,3441,1
-4418,3443,73
-4424,3443,73
-4424,3476,192
-4415,3489,295
-4414,3512,390
-4419,3548,500
-4385,3579,609
-4388,3599,720
-4353,3635,808
-4379,3649,908
-4329,3668,1014
-4327,3672,1094
-4304,3685,1183
-4311,3697,1303
-4283,3691,1360
-4272,3681,1403
-4262,3709,1473
-4269,3711,1524
-4231,3712,1579
-4226,3716,1651
-4208,3712,1717
-4201,3720,1765
-4189,3721,1815
-4176,3711,1871
-4174,3704,1922
-4145,3703,1979
-4148,3682,2008
-4146,3687,2042
-4126,3681,2109
-4107,3679,2194
-4106,3676,2257
-4089,3658,2341
-4074,3643,2410
-4042,3620,2475
-4027,3628,2541
-4000,3626,2607
-3984,3636,2607
-3984,3636,2669
-3962,3624,2753
-3941,3615,2811
-3904,3595,2905
-3907,3578,2976
-3857,3565,3051
-3830,3535,3126
-3796,3532,3186
-3770,3516,3265
-3742,3521,3330
-3725,3470,3414
-3681,3448,3495
-3644,3449,3579
-3617,3396,3657
-3580,3366,3746
-3533,3348,3816
-3495,3307,3892
-3469,3311,3961
-3395,3283,4035
-3372,3268,4103
-3314,3234,4203
-3263,3248,4258
-3216,3231,4332
-3159,3245,4377
-3117,3209,4473
-3070,3187,4512
-3021,3196,4597
-2954,3172,4657
-2883,3170,4753
-2827,3171,4797
-2754,3161,4881
-2687,3111,4975
-2628,3095,5034
-2552,3081,5097
-2486,3084,4897
-2419,3084,5153
-2419,3064,5229
-2354,3056,5302
-2301,3017,5351
-2232,2983,5434
-2188,2957,5484
-2136,2912,5537
-2081,2852,5593
-2030,2783,5665
-1999,2708,5725
-1951,2673,5742
-1915,2604,5795
-1863,2548,5833
-1856,2521,5870
-1807,2492,5910
-1783,2472,5926
-1746,2462,5942
-1728,2456,5956
-1697,2476,5977
-1675,2479,5985
-1663,2436,5997
-1632,2437,6018
-1615,2424,6028
-1590,2390,6049
-1561,2414,6076
-1519,2352,6098
-1496,2322,6127
-1431,2310,6150
-1398,2273,6168
-1330,2295,6200
-1286,2315,6218
-1206,2344,6219
-1139,2370,6236
-1037,2403,6250
-969,2450,6255
-882,2511,6252
-799,2511,6252
-799,2589,6276
-724,2676,6254
-655,2756,6225
-605,2835,6203
-577,2847,6205
-545,2821,6211
-470,2752,6246
-408,2680,6296
-345,2671,6301
-305,2689,6325
-258,2695,6311
-222,2699,6318
-178,2715,6321
-126,2717,6291
-77,2740,6326
-11,2760,6304
7,2776,6305
67,2786,6298
161,2838,6327
185,2816,6302
247,2858,6299
282,2878,6303
355,2884,6311
385,2874,6314
439,2881,6319
476,2889,6305
512,2880,6315
535,2868,6334
587,2866,6343
608,2865,6353
645,2873,6346
652,2854,6369
718,2845,6354
746,2840,6387
798,2852,6387
839,2852,6379
839,2842,6411
891,2823,6403
937,2830,6408
1002,2806,6398
1062,2814,6422
1115,2802,6419
1166,2778,6414
1231,2749,6426
1294,2739,6437
1349,2734,6427
1401,2729,6442
1453,2728,6425
1541,2701,6451
1587,2691,6442
1664,2665,6442
1691,2671,6419
1768,2677,6432
1839,2684,6410
1922,2690,6375
1982,2724,6352
2067,2743,6330
2142,2779,6305
2225,2792,6290
2310,2860,6252
2386,2872,6221
2442,2892,6186
2546,2903,6160
2608,2932,6133
2672,2959,6115
2733,2949,6095
2801,2982,6065
2856,2954,6060
2915,2941,6038
2956,2918,6027
3031,2920,6027
3031,2920,5997
3064,2935,5999
3123,2930,5959
3188,2955,5928
3263,2929,5896
3329,2927,5884
3395,2928,5852
3448,2917,5838
3484,2905,5812
3556,2921,5804
3569,2909,5782
3628,2899,5783
3672,2886,5750
3728,2874,5737
3765,2869,5705
3826,2875,5681
3842,2886,5649
3900,2888,5627
3935,2894,5591
3992,2889,5558
4046,2910,5544
4087,2900,5513
4148,2930,5462
4202,2934,5427
4269,2929,5395
4318,2938,5350
4347,2960,5301
4404,2947,5278
4437,2969,5266
4465,2981,5225
4491,3001,5209
4533,3000,5172
4568,3018,5154
4575,3027,5107
4595,3042,5097
4630,2830,5097
4630,3086,5073
4628,3078,5074
4669,3076,5043
4698,3096,5026
4693,3106,4985
4727,3115,4990
4733,3138,4953
4760,3163,4927
4784,3202,4891
4799,3223,4873
4816,3256,4829
4827,3283,4799
4857,3326,4756
4863,3370,4770
4876,3397,4723
4879,3442,4703
4891,3457,4662
4887,3507,4668
4891,3550,4613
4897,3587,4617
4875,3611,4597
4865,3624,4629
4830,3640,4619
4826,3684,4625
4797,3699,4644
4772,3731,4663
4739,3776,4673
4699,3836,4656
4674,3849,4671
4653,3925,4637
4619,3935,4635
4587,3987,4616
4578,4006,4635
4543,4054,4598
4524,4080,4359
4477,4080,4615
4477,4117,4595
4451,4160,4601
4424,4208,4572
4365,4242,4577
4337,4295,4537
4297,4345,4570
4249,4403,4523
4218,4426,4525
4158,4453,4512
4119,4480,4522
4077,4518,4504
4032,4541,4545
3987,4553,4549
3924,4593,4548
3853,4625,4553
3799,4658,4560
3742,4698,4560
3701,4721,4559
3631,4752,4560
3560,4782,4575
3506,4796,4581
3425,4829,4602
3358,4854,4610
3272,4882,4627
3215,4883,4653
3124,4896,4685
3063,4887,4708
2973,4901,4753
2908,4878,4792
2837,4866,4828
2783,4862,4870
2723,4857,4901
2632,4852,4951
2576,4876,4941
2501,4865,4941
2450,4865,4984
2450,4887,4986
2423,4898,4981
2360,4922,4966
2335,4923,4976
2306,4910,4974
2257,4940,4971
2224,4928,4997
2201,4904,5021
2180,4862,5057
2125,4845,5104
2060,4824,5138
2004,4844,5153
1935,4822,5153
1898,4811,5149
1894,4827,5147
1912,4833,5146
1914,4821,5143
1909,4834,5127
1902,4824,5121
1919,4828,5118
1921,4819,5093
1928,4861,5089
1956,4859,5075
1962,4885,5071
2011,4859,5050
2002,4870,5052
2055,4839,5057
2046,4847,5043
2055,4834,5050
2068,4854,5038
2060,4855,5045
2037,4876,5013
2042,4883,5015
2039,4880,5006
2038,4896,5006
2038,4896,5008
2025,4868,5003
2026,4850,5030
2011,4859,5034
1989,4827,5035
1981,4837,5038
1982,4844,5065
1976,4834,5031
1993,4810,5085
2022,4818,5055
2024,4846,5058
2029,4862,5033
2011,4899,4986
2005,4921,4956
2024,4973,4929
2011,4987,4893
2040,5034,4866
2045,5044,4828
2083,5094,4803
2115,5118,4750
2171,5146,4746
2202,5155,4698
2258,5202,4661
2274,5233,4620
2309,5249,4583
2352,5273,4559
2384,5293,4496
2425,5311,4487
2435,5367,4454
2471,5368,4410
2488,5367,4404
2507,5389,4381
2521,5410,4365
2566,5397,4341
2589,5438,4326
2634,5438,4326
2634,5427,4308
2684,5405,4330
2751,5404,4326
2815,5388,4289
2888,5376,4273
2954,5385,4261
3042,5378,4241
3113,5365,4207
3203,5375,4165
3282,5379,4139
3396,5359,4090
3505,5349,4076
3631,5287,4049
3728,5258,3996
3853,5230,3971
3929,5209,3974
4029,5164,3947
4059,5131,3910
4140,5154,3890
4144,5153,3854
4184,5168,3821
4183,5174,3750
4211,5207,3699
4231,5243,3615
4275,5271,3558
4296,5292,3492
4373,5289,3391
4411,5320,3301
4449,5340,3184
4494,5355,3086
4530,5380,2971
4559,5387,2883
4590,5413,2778
4660,5412,2704
4696,5424,2704
4758,5424,2599
4758,5400,2533
4816,5391,2483
4874,5370,2458
4930,5336,2421
5015,5285,2406
5096,5245,2395
5164,5205,2376
5237,5158,2366
5317,5117,2350
5367,5124,2329
5426,5081,2310
5453,5031,2275
5495,4999,2230
5517,5010,2196
5546,5021,2184
5569,4992,2152
5611,4962,2136
5623,4974,2100
5653,4970,2076
5684,4944,2030
5707,4947,1997
5708,4937,1955
5741,4958,1928
5745,4944,1902
5742,4965,1845
5780,4944,1820
5791,4952,1780
5809,4946,1747
5831,4942,1723
5858,4910,1678
5873,4900,1673
5894,4916,1631
5884,4893,1608
5905,4893,1587
5907,4882,1587
5907,4882,1554
5913,4894,1533
5906,4880,1466
5889,4908,1413
5872,4917,1349
5867,4941,1293
5819,4977,1225
5793,4998,1161
5759,5041,1097
5739,5086,1058
5705,5105,1001
5696,5122,946
5670,5133,894
5656,5163,832
5657,5167,776
5656,5173,735
5642,5153,693
5644,5159,655
5664,5137,639
5656,5128,628
5680,5127,612
5660,5121,580
5681,5113,561
5671,5121,536
5688,5117,510
5676,5123,463
5689,5111,450
5687,5096,411
5684,5102,379
5667,5120,317
5663,5137,271
5628,5131,208
5622,5131,163
5594,5158,91
5568,5150,52
5566,5150,52
5566,5166,22
5571,5159,-33
5529,5177,-77
5524,5167,-130
5504,5183,-163
5502,5185,-197
5489,5145,-239
5498,5147,-275
5501,5147,-310
5509,5133,-359
5512,5094,-387
5532,5082,-418
5537,5054,-441
5546,5044,-474
5560,4984,-475
5575,4968,-508
5586,4947,-533
5595,4958,-536
5586,4937,-582
5576,4934,-591
5556,4952,-617
5547,4922,-659
5521,4922,-689
5505,4928,-729
5478,4907,-758
5447,4918,-815
5432,4906,-865
5402,4919,-939
5375,4887,-976
5343,4892,-1047
5314,4880,-1128
5285,4881,-1196
5269,4845,-1263
5225,4820,-1327
5214,4788,-1327
5180,4788,-1409
5180,4768,-1471
5131,4741,-1561
5107,4743,-1631
5032,4709,-1716
4988,4717,-1775
4933,4722,-1871
4866,4702,-1926
4801,4704,-2011
4716,4695,-2091
4648,4671,-2169
4569,4687,-2219
4505,4693,-2314
4441,4660,-2334
4412,4651,-2403
4359,4643,-2447
4339,4626,-2507
4271,4600,-2566
4209,4576,-2613
4123,4559,-2688
4074,4539,-2751
4016,4514,-2826
3954,4450,-2880
3924,4422,-2923
3891,4394,-2978
3867,4363,-3025
3805,4340,-3071
3738,4319,-3134
3652,4315,-3183
3552,4318,-3250
3441,4335,-3294
3345,4326,-3332
3221,4319,-3373
3135,4312,-3398
3042,4323,-3447
2944,4323,-3447
2944,4326,-3469
2869,4345,-3477
2783,4362,-3509
2701,4352,-3528
2611,4355,-3557
2537,4345,-3564
2473,4344,-3596
2363,4340,-3593
2286,4336,-3606
2212,4341,-3602
2121,4325,-3631
2043,4328,-3658
1959,4325,-3671
1845,4283,-3682
1777,4289,-3702
1685,4257,-3713
1563,4237,-3738
1460,4245,-3747
1323,4243,-3750
1215,4268,-3749
1062,4272,-3733
934,4267,-3695
821,4283,-3693
707,4279,-3696
588,4285,-3658
482,4280,-3650
381,4275,-3614
262,4284,-3584
159,4312,-3564
64,4313,-3514
-28,4313,-3507
-101,4319,-3488
-166,4307,-3457
-252,4319,-3441
-327,4308,-3409
-394,4308,-3409
-394,4264,-3399
-468,4292,-3353
-554,4275,-3349
-606,4268,-3336
-693,4245,-3304
-747,4277,-3270
-831,4227,-3233
-897,4282,-3179
-968,4293,-3156
-1022,4294,-3094
-1105,4304,-3051
-1145,4342,-2994
-1201,4369,-2955
-1246,4384,-2914
-1295,4397,-2877
-1320,4426,-2830
-1389,4416,-2770
-1443,4469,-2728
-1504,4497,-2659
-1558,4496,-2605
-1619,4533,-2527
-1648,4553,-2492
-1694,4582,-2438
-1723,4593,-2401
-1751,4602,-2385
-1763,4615,-2360
-1797,4611,-2316
-1820,4651,-2294
-1879,4648,-2242
-1929,4652,-2188
-1972,4672,-2131
-2017,4671,-2072
-2066,4694,-1992
-2124,4694,-1923
-2175,4720,-1854
-2195,4720,-1854
-2195,4720,-1778
-2254,4736,-1720
-2285,4748,-1667
-2323,4738,-1640
-2352,4734,-1597
-2396,4730,-1550
-2454,4720,-1546
-2483,4693,-1517
-2516,4660,-1469
-2574,4623,-1455
-2616,4624,-1416
-2646,4610,-1395
-2705,4590,-1351
-2722,4588,-1281
-2771,4573,-1230
-2783,4580,-1181
-2842,4574,-1120
-2835,4550,-1083
-2883,4573,-1010
-2886,4561,-971
-2921,4574,-917
-2927,4578,-834
-2946,4577,-769
-2960,4605,-708
-2986,4612,-639
-2972,4608,-546
-3000,4627,-450
-2995,4633,-394
-3014,4640,-305
-3026,4639,-244
-3030,4626,-171
-3042,4651,-94
-3060,4644,-60
-3081,4637,31
-3072,4652,31
-2826,4652,137
-3082,4649,219
-3090,4666,337
-3082,4663,421
-3088,4677,479
-3065,4706,528
-3040,4741,606
-3000,4770,673
-2961,4825,780
-2941,4851,915
-2903,4871,1035
-2868,4912,1170
-2819,4955,1295
-2769,4972,1428
-2725,4996,1556
-2677,5031,1683
-2614,5051,1831
-2557,5046,1979
-2501,5059,2101
-2442,5074,2253
-2407,5042,2381
-2361,5066,2512
-2314,5036,2607
-2272,5049,2745
-2226,5009,2846
-2171,4986,2990
-2130,4939,3092
-2073,4951,3227
-2040,4935,3320
-1994,4875,3428
-1958,4868,3537
-1885,4831,3632
-1846,4814,3716
-1810,4810,3799
-1789,4782,3876
-1738,4775,3876
-1715,4775,3935
-1715,4742,3994
-1676,4730,4046
-1677,4691,4083
-1645,4664,4109
-1654,4670,4157
-1629,4649,4183
-1626,4655,4205
-1615,4640,4205
-1570,4673,4230
-1534,4677,4241
-1497,4683,4256
-1451,4700,4263
-1432,4705,4304
-1419,4681,4317
-1414,4703,4316
-1406,4712,4317
-1394,4709,4308
-1392,4712,4283
-1355,4738,4298
-1359,4760,4260
-1345,4777,4242
-1337,4787,4205
-1340,4805,4199
-1367,4823,4153
-1383,4843,4130
-1401,4868,4077
-1428,4878,4028
-1434,4888,3995
-1440,4904,3968
-1455,4909,3967
-1447,4929,3928
-1463,4953,3890
-1458,4961,3864
-1520,4966,3838
-1559,4980,3838
-1559,4980,3791
-1613,4988,3714
-1683,4986,3648
-1724,4979,3593
-1779,4996,3538
-1826,4972,3523
-1853,4979,3483
-1861,4955,3471
-1902,4964,3431
-1964,4957,3426
-2022,4936,3346
-2058,4929,3298
-2118,4933,3226
-2188,4919,3180
-2251,4903,3080
-2301,4914,3026
-2341,4906,2936
-2403,4912,2849
-2455,4907,2750
-2481,4899,2683
-2523,4896,2600
-2569,4915,2511
-2586,4884,2424
-2607,4910,2373
-2628,4914,2292
-2618,4940,2245
-2623,4951,2159
-2629,4961,2088
-2634,4991,1965
-2635,5005,1869
-2641,5001,1754
-2658,5015,1677
-2666,4985,1566
-2704,4989,1464
-2725,4988,1349
-2716,4997,1349
-2716,4997,1238
-2769,4971,1116
-2785,4956,1004
-2798,4950,863
-2801,4922,798
-2829,4916,721
-2848,4918,697
-2861,4889,683
-2850,4897,669
-2887,4885,658
-2891,4872,616
-2906,4890,561
-2873,4881,444
-2848,4879,316
-2862,4846,184
-2840,4870,51
-2814,4857,-48
-2795,4860,-158
-2775,4880,-225
-2765,4889,-274
-2744,4877,-325
-2749,4902,-371
-2671,4887,-467
-2647,4895,-587
-2605,4878,-712
-2583,4868,-809
-2532,4838,-898
-2511,4846,-979
-2474,4840,-1034
-2448,4844,-1092
-2389,4842,-1183
-2351,4858,-1253
-2300,4861,-1327
-2244,4838,-1410
-2202,4819,-1513
-2141,4804,-1513
-2141,4804,-1618
-2082,4768,-1732
-2006,4749,-1850
-1939,4737,-1975
-1863,4710,-2084
-1813,4641,-2190
-1746,4627,-2270
-1701,4576,-2374
-1629,4539,-2447
-1571,4515,-2540
-1521,4483,-2611
-1504,4471,-2656
-1463,4466,-2687
-1425,4493,-2716
-1390,4476,-2710
-1367,4495,-2742
-1314,4533,-2712
-1273,4583,-2723
-1198,4637,-2723
-1131,4721,-2731
-1066,4734,-2711
-1013,4786,-2713
-963,4815,-2708
-902,4851,-2699
-868,4888,-2673
-794,4947,-2672
-697,4971,-2661
-624,5016,-2668
-543,5077,-2668
-488,5114,-2652
-437,5146,-2622
-387,5177,-2632
-311,5197,-2653
-240,5198,-2690
-152,5187,-2712
-59,5182,-2712
-59,5182,-2758
38,5166,-2809
147,5180,-2845
238,5174,-2890
355,5172,-2918
466,5146,-2970
577,5162,-2981
680,5145,-3028
809,5140,-3031
913,5140,-3080
1030,5152,-3088
1110,5143,-3108
1181,5158,-3093
1243,5176,-3105
1325,5189,-3084
1422,5196,-3095
1562,5194,-3107
1661,5211,-3112
1784,5208,-3120
1900,5220,-3135
2007,5202,-3147
2095,5199,-3162
2168,5198,-3153
2270,5199,-3173
2385,5181,-3180
2454,5163,-3192
2589,5117,-3199
2675,5119,-3211
2781,5095,-3232
2890,5070,-3227
3009,5030,-3230
3081,5009,-3227
3185,5007,-3229
3249,4995,-3213
3328,4990,-3180
3397,4997,-3180
3397,4997,-3144
3434,4997,-3139
3538,4988,-3094
3584,4995,-3070
3647,4999,-3040
3706,5003,-3015
3743,4991,-2976
3775,5030,-2950
3838,5005,-2915
3860,5005,-2874
3958,4997,-2852
3983,4951,-2846
4056,4902,-2831
4068,4934,-2838
4094,4926,-2825
4103,4924,-2821
4117,4939,-2767
4161,4952,-2724
4224,4955,-2671
4295,4953,-2645
4416,4918,-2594
4536,4890,-2543
4630,4842,-2499
4718,4810,-2459
4799,4787,-2421
4859,4754,-2394
4935,4705,-2358
5014,4689,-2314
5098,4598,-2277
5134,4597,-2247
5216,4553,-2234
5257,4531,-2205
5330,4498,-2172
5382,4460,-2135
5425,4450,-2104
5470,4392,-2104
5470,4392,-2076
5536,4350,-2050
5598,4295,-2012
5624,4256,-1991
5658,4229,-1987
5681,4219,-1985
5698,4174,-1989
5750,4146,-1971
5789,4104,-1932
5856,4050,-1866
5944,4002,-1818
6041,3941,-1765
6117,3893,-1685
6182,3865,-1601
6230,3836,-1557
6258,3813,-1544
6264,3818,-1487
6294,3812,-1471
6301,3807,-1451
6304,3794,-1441
6332,3784,-1401
6343,3786,-1376
6382,3774,-1304
6406,3789,-1222
6468,3776,-1116
6500,3765,-1045
6543,3774,-942
6574,3782,-870
6597,3811,-776
6625,3823,-726
6646,3799,-694
6643,3803,-645
6668,3816,-613
6696,3808,-561
6739,3803,-508
6748,3803,-508
6748,3803,-471
6777,3807,-410
6780,3794,-349
6807,3801,-289
6852,3776,-226
6891,3777,-146
6900,3743,-91
6920,3757,-52
6926,3744,-20
6949,3744,19
6953,3737,59
6954,3728,87
6981,3704,128
6998,3708,167
7010,3687,235
7008,3705,284
7010,3732,349
7003,3777,390
6991,3811,452
6966,3858,524
6956,3899,604
6954,3923,683
6942,3954,749
6901,3988,815
6885,4021,894
6869,4080,939
6821,4110,984
6797,4150,1049
6768,4182,1084
6746,4218,1137
6739,4236,1195
6726,4242,1234
6730,4242,1281
6717,4247,1301
6704,4265,1335
6696,4260,1335
6696,4260,1361
6686,4290,1398
6676,4280,1430
6674,4285,1432
6645,4270,1452
6666,4285,1482
6652,4281,1494
6652,4290,1495
6634,4307,1491
6622,4300,1485
6614,4345,1484
6595,4344,1469
6570,4344,1459
6563,4387,1456
6573,4378,1465
6551,4377,1467
6551,4382,1497
6556,4364,1513
6552,4360,1525
6556,4345,1569
6569,4333,1594
6592,4347,1630
6591,4309,1687
6599,4276,1723
6626,4284,1785
6629,4274,1807
6658,4272,1856
6652,4254,1883
6659,4239,1915
6662,4242,1950
6674,4233,1966
6687,4228,2005
6685,4208,2029
6692,4203,2039
6696,4208,2060
6686,4220,2060
6686,4220,2074
6687,4203,2094
6683,4207,2131
6690,4200,2167
6688,4176,2216
6684,4175,2268
6682,4167,2334
6702,4134,2398
6694,4134,2441
6719,4104,2509
6691,4076,2564
6679,4074,2613
6679,4095,2650
6671,4093,2686
6660,4104,2719
6648,4127,2721
6633,4163,2748
6619,4143,2746
6582,4180,2774
6570,4214,2766
6535,4217,2796
6519,4244,2828
6486,4271,2859
6470,4283,2887
6451,4300,2933
6429,4285,2953
6420,4292,3034
6372,4300,3066
6362,4299,3133
6333,4314,3193
6307,4314,3250
6278,4317,3286
6249,4335,3325
6212,4359,3353
6188,4378,3400
6120,4378,3400
6120,4415,3428
6092,4422,3471
6047,4476,3499
6003,4498,3548
5946,4514,3593
5912,4526,3623
5860,4574,3669
5819,4599,3700
5765,4616,3739
5727,4630,3771
5656,4654,3793
5622,4666,3838
5570,4695,3878
5538,4707,3895
5483,4731,3927
5461,4740,3954
5396,4750,4005
5356,4763,4032
5327,4788,4048
5291,4781,4088
5268,4793,4117
5219,4804,4168
5177,4822,4185
5137,4818,4239
5081,4845,4264
5029,4844,4301
4990,4826,4346
4945,4835,4394
4893,4847,4409
4860,4860,4450
4803,4861,4486
4740,4869,4520
4696,4884,4552
4642,4889,4560
4594,4934,4560
4531,4934,4580
4531,4952,4586
4481,4986,4614
4402,5013,4618
4345,5032,4626
4285,5073,4628
4207,5079,4652
4133,5101,4662
4059,5139,4713
3997,5123,4725
3935,5148,4776
3859,5129,4802
3803,5124,4843
3750,5119,4865
3704,5130,4913
3625,5115,4947
3571,5117,4975
3522,5119,4996
3455,5129,5022
3385,5126,5034
3339,5145,5029
3285,5136,5039
3247,5191,5043
3166,5153,5073
3124,5153,5065
3068,5166,5103
3022,5144,5104
2955,5144,5135
2917,5125,5176
2865,5086,5210
2821,5049,5268
2786,5009,5311
2724,4978,5370
2676,4936,5408
2644,4903,5446
2607,4878,5446
2607,4878,5463
2575,4861,5488
2542,4837,5512
2488,4820,5528
2453,4806,5540
2433,4798,5535
2406,4778,5573
2376,4756,5588
2324,4768,5609
2316,4743,5639
2293,4730,5640
2255,4705,5656
2236,4677,5687
2191,4635,5731
2181,4589,5782
2153,4544,5802
2145,4497,5855
2135,4453,5887
2121,4411,5926
2096,4363,5984
2088,4322,6022
2084,4265,6048
2082,4212,6092
2095,4165,6136
2060,4132,6166
2061,4064,6199
2053,4017,6237
2032,3952,6290
2029,3890,6313
2016,3843,6363
1987,3774,6407
1956,3715,6421
1965,3701,6464
1956,3627,6501
1937,3560,6522
1922,3560,6522
1922,3504,6568
1905,3459,6582
1906,3379,6606
1900,3359,6627
1885,3314,6670
1867,3281,6691
1880,3229,6711
1846,3195,6733
1875,3154,6752
1844,3120,6752
1834,3126,6756
1824,3098,6757
1831,3114,6773
1811,3143,6756
1830,3121,6761
1828,3166,6730
1823,3187,6727
1820,3210,6718
1852,3242,6693
1832,3287,6689
1853,3326,6666
1863,3374,6628
1856,3432,6597
1856,3453,6570
1860,3500,6567
1862,3545,6543
1873,3586,6486
1879,3628,6490
1874,3684,6453
1882,3700,6443
1891,3766,6416
1868,3805,6382
1892,3832,6372
1866,3861,6344
1886,3905,6344
1912,3905,6330
1912,3911,6318
1928,3956,6287
1932,3938,6269
1951,3966,6263
1962,3956,6251
1977,3970,6251
1995,3976,6278
2013,3958,6262
2025,3951,6270
2028,3954,6250
2049,3945,6269
2071,3927,6262
2085,3935,6273
2079,3915,6269
2104,3917,6289
2092,3925,6289
2103,3917,6305
2098,3907,6309
2107,3881,6308
2099,3874,6305
2103,3834,6330
2096,3836,6341
2087,3814,6381
2085,3788,6370
2097,3770,6410
2068,3750,6409
2067,3735,6428
2037,3700,6430
2022,3684,6445
2002,3668,6465
1988,3679,6472
1969,3675,6468
1967,3682,6467
1947,3695,6465
1944,3691,6465
1924,3691,6448
1924,3714,6452
1915,3736,6437
1904,3752,6418
1860,3778,6404
1862,3804,6372
1821,3823,6376
1812,3877,6357
1801,3908,6322
1790,3915,6305
1771,3961,6285
1754,3984,6252
1729,4013,6250
1717,4027,6226
1685,4070,6210
1671,4065,6205
1646,4102,6194
1641,4124,6172
1627,4155,6140
1640,4172,6135
1599,4190,6124
1610,4220,6106
1602,4255,6081
1597,4281,6056
1584,4303,6021
1599,4348,5993
1584,4402,5961
1581,4440,5921
1572,4479,5888
1594,4551,5850
1599,4588,5791
1588,4652,5758
1598,4694,5710
1612,4766,5665
1616,4803,5595
1616,4803,5595
1616,4865,5536
1617,4916,5489
1630,4976,5435
1628,5039,5394
1633,5096,5302
1630,5126,5256
1644,5187,5187
1650,5238,5141
1675,5256,5068
1679,5326,5011
1672,5377,4941
1697,5413,4909
1721,5467,4829
1709,5493,4817
1724,5514,4751
1741,5566,4713
1749,5586,4655
1762,5630,4598
1759,5671,4543
1764,5705,4489
1768,5742,4414
1795,5791,4350
1795,5818,4286
1806,5854,4233
1801,5889,4155
1822,5950,4083
1811,5987,3995
1813,6029,3930
1836,6089,3832
1814,6103,3757
1814,6129,3688
1834,6185,3609
1817,6197,3551
1811,6226,3486
1796,6242,3437
1793,6257,3437
1793,6257,3414
1770,6266,3370
1775,6302,3340
1772,6297,3307
1780,6311,3271
1779,6314,3253
1784,6335,3192
1796,6352,3168
1789,6380,3089
1807,6419,3039
1826,6402,2965
1827,6436,2901
1837,6456,2794
1854,6494,2712
1835,6513,2628
1860,6560,2543
1853,6572,2442
1857,6574,2372
1863,6582,2290
1861,6595,2231
1853,6618,2198
1846,6620,2161
1854,6622,2123
1849,6640,2083
1830,6647,2030
1839,6630,1995
1825,6641,1991
1829,6651,1939
1836,6662,1872
1818,6656,1816
1819,6668,1729
1824,6671,1628
1823,6668,1533
1817,6689,1407
1810,6678,1282
1807,6683,1282
1818,6683,1169
1818,6674,1064
1824,6673,955
1806,6673,843
1803,6662,732
1823,6658,623
1801,6638,520
1812,6631,404
1813,6602,276
1819,6608,158
1808,6577,52
1801,6564,-23
1814,6549,-89
1803,6535,-146
1776,6522,-205
1803,6501,-257
1796,6483,-324
1794,6484,-388
1774,6458,-456
1791,6437,-528
1780,6415,-589
1804,6387,-655
1769,6387,-706
1791,6355,-778
1772,6322,-872
1794,6299,-950
1796,6248,-1019
1803,6213,-1111
1780,6171,-1175
1809,6142,-1248
1803,6111,-1315
1804,6087,-1385
1804,6050,-1455
1824,6017,-1532
1810,5969,-1609
1826,5923,-1609
1830,5923,-1698
1830,5868,-1756
1840,5827,-1845
1831,5769,-1927
1820,5718,-2000
1814,5670,-2083
1825,5602,-2160
1815,5569,-2219
1809,5519,-2288
1823,5470,-2356
1800,5407,-2420
1784,5359,-2499
1779,5266,-2551
1769,5234,-2630
1758,5169,-2677
1759,5130,-2740
1740,5053,-2800
1746,4994,-2857
1741,4941,-2919
1777,4896,-2974
1757,4792,-3050
1762,4721,-3096
1769,4646,-3179
1783,4556,-3225
1785,4491,-3301
1789,4435,-3352
1787,4394,-3371
1797,4347,-3404
1800,4293,-3455
1809,4262,-3464
1810,4207,-3467
1842,4198,-3508
1845,4173,-3489
1850,4161,-3501
1852,4152,-3500
1866,4168,-3500
1866,4168,-3525
1862,4129,-3514
1856,4116,-3548
1871,4120,-3518
1880,4108,-3551
1867,4097,-3544
1889,4085,-3544
1896,4072,-3548
1902,4078,-3548
1906,4101,-3540
1899,4092,-3533
1903,4121,-3543
1922,4135,-3515
1918,4138,-3513
1903,4144,-3507
1937,4159,-3502
1933,4153,-3513
1940,4140,-3519
1926,4120,-3524
1940,4100,-3567
1932,4061,-3591
1939,3961,-3627
1919,3931,-3673
1954,3843,-3730
1936,3735,-3768
1925,3630,-3833
1910,3537,-3893
1927,3400,-3952
1896,3246,-4019
1902,3116,-4098
1904,2916,-4167
1874,2714,-4235
1872,2511,-4327
1868,2296,-4372
1845,2043,-4431
1835,1849,-4431
1835,1849,-4476
1842,1619,-4505
1822,1427,-4540
1811,1217,-4551
1816,1042,-4577
1805,895,-4581
1803,752,-4584
1795,632,-4595
1791,476,-4596
1795,378,-4585
1785,213,-4572
1783,81,-4569
1784,-32,-4547
1778,-138,-4533
1784,-267,-4516
1780,-366,-4515
1765,-502,-4488
1759,-598,-4470
1739,-715,-4445
1732,-802,-4437
1724,-882,-4428
1717,-965,-4405
1691,-1027,-4380
1710,-1095,-4385
1683,-1172,-4335
1684,-1274,-4342
1656,-1350,-4288
1656,-1473,-4258
1656,-1567,-4228
1648,-1670,-4210
1644,-1750,-4169
1640,-1826,-4144
1653,-1888,-4123
1645,-1965,-4100
1628,-1995,-4087
1650,-1798,-4087
1650,-2054,-4057
1643,-2102,-4043
1635,-2163,-4016
1640,-2227,-3997
1648,-2281,-3965
1646,-2358,-3933
1622,-2446,-3897
1626,-2513,-3875
1629,-2566,-3840
1620,-2611,-3800
1611,-2691,-3762
1602,-2715,-3746
1593,-2788,-3727
1581,-2821,-3700
1573,-2862,-3664
1580,-2912,-3658
1565,-2955,-3617
1575,-3003,-3594
1577,-3088,-3550
1557,-3138,-3508
1548,-3222,-3451
1538,-3277,-3404
1539,-3357,-3354
1534,-3450,-3298
1523,-3508,-3225
1517,-3586,-3177
1503,-3655,-3112
1504,-3740,-3040
1495,-3792,-3008
1503,-3833,-2968
1488,-3912,-2910
1482,-3942,-2879
1487,-3992,-2815
1501,-4041,-2771
1489,-4096,-2730
1500,-4096,-2730
1500,-4149,-2681
1497,-4177,-2626
1500,-4243,-2595
1501,-4279,-2551
1511,-4323,-2501
1510,-4384,-2443
1519,-4388,-2442
1506,-4415,-2400
1504,-4410,-2399
1526,-4446,-2390
1517,-4457,-2354
1513,-4487,-2332
1497,-4520,-2267
1512,-4596,-2224
1481,-4659,-2115
1489,-4762,-2043
1466,-4837,-1918
1482,-4951,-1795
1469,-5049,-1664
1477,-5130,-1542
1477,-5209,-1408
1489,-5266,-1315
1498,-5316,-1216
1509,-5352,-1147
1522,-5391,-1087
1527,-5430,-1021
1544,-5465,-968
1558,-5495,-906
1537,-5533,-839
1548,-5593,-755
1539,-5623,-648
1546,-5666,-532
1536,-5719,-404
1526,-5782,-275
1535,-5821,-275
1526,-5821,-127
1526,-5876,43
1511,-5911,203
1516,-5955,399
1488,-5983,588
1518,-6020,798
1523,-6038,1000
1490,-6056,1194
1494,-6069,1371
1469,-6068,1522
1463,-6078,1661
1455,-6058,1777
1459,-6063,1878
1461,-6047,2025
1467,-6037,2169
1494,-5993,2335
1538,-5979,2507
1530,-5939,2697
1555,-5929,2845
1541,-5862,3000
1559,-5830,3118
1538,-5820,3209
1553,-5791,3273
1558,-5763,3308
1572,-5791,3308
1573,-5779,3294
1576,-5797,3268
1600,-5823,3237
1593,-5822,3209
1600,-5851,3155
1612,-5864,3087
1615,-5880,3059
1619,-5916,2991
1608,-5925,2908
1622,-5966,2820
1613,-5966,2820
1613,-5979,2721
1613,-6014,2652
1598,-6040,2556
1604,-6038,2487
1590,-6060,2428
1579,-6072,2348
1579,-6077,2261
1558,-6104,2178
1545,-6125,2080
1530,-6118,1961
1532,-6156,1857
1518,-6150,1794
1515,-6156,1692
1506,-6169,1657
1493,-6177,1593
1473,-6164,1530
1490,-6177,1490
1475,-6194,1481
1484,-6186,1425
1479,-6190,1382
1493,-6189,1350
1481,-6192,1285
1484,-6193,1214
1485,-6181,1151
1497,-6191,1081
1504,-6191,1030
1510,-6181,1008
1493,-6172,971
1508,-6200,942
1517,-6188,914
1518,-6166,892
1495,-6200,916
1518,-6214,870
1518,-6174,873
1533,-6183,873
1552,-6183,835
1552,-6170,766
1570,-6163,725
1577,-6138,676
1600,-6158,636
1589,-6147,595
1598,-6130,581
1597,-6134,538
1603,-6116,505
1622,-6116,448
1621,-6100,394
1621,-6093,339
1637,-6081,263
1640,-6059,203
1645,-6051,135
1660,-6050,82
1637,-6037,37
1640,-6034,0
1645,-6014,-29
1645,-6010,-63
1652,-6002,-71
1655,-5987,-122
1656,-5986,-168
1650,-5978,-205
1656,-5983,-271
1636,-5961,-310
1658,-5937,-349
1655,-5942,-416
1647,-5911,-470
1673,-5874,-528
1651,-5860,-610
1638,-5826,-701
1637,-5797,-793
1632,-5755,-895
1621,-5735,-962
1618,-5695,-962
1610,-5695,-1051
1610,-5651,-1127
1601,-5622,-1193
1597,-5603,-1237
1584,-5543,-1293
1570,-5547,-1341
1566,-5523,-1351
1547,-5488,-1390
1543,-5467,-1415
1534,-5481,-1433
1522,-5469,-1433
1515,-5440,-1434
1502,-5421,-1441
1497,-5410,-1466
1493,-5410,-1485
1484,-5365,-1544
1481,-5327,-1582
1502,-5274,-1653
1503,-5230,-1715
1503,-5185,-1786
1506,-5127,-1853
1540,-5080,-1937
1533,-5007,-1996
1566,-4977,-2085
1585,-4899,-2168
1587,-4844,-2225
1600,-4794,-2289
1605,-4730,-2354
1608,-4663,-2417
1617,-4602,-2492
1622,-4546,-2562
1632,-4463,-2632
1634,-4414,-2695
1636,-4328,-2773
1641,-4270,-2840
1650,-4200,-2840
1650,-4200,-2907
1645,-4142,-2974
1653,-4080,-3035
1628,-4024,-3074
1623,-3990,-3104
1645,-3944,-3135
1632,-3920,-3143
1630,-3880,-3181
1614,-3837,-3220
1643,-3796,-3261
1608,-3723,-3292
1628,-3687,-3347
1634,-3646,-3374
1644,-3602,-3416
1656,-3578,-3423
1669,-3557,-3447
1668,-3532,-3448
1696,-3502,-3487
1701,-3470,-3498
1692,-3437,-3547
1718,-3389,-3561
1729,-3374,-3604
1719,-3292,-3629
1737,-3221,-3680
1738,-3164,-3704
1754,-3094,-3761
1757,-3022,-3790
1759,-2960,-3837
1766,-2896,-3883
1760,-2821,-3913
1762,-2750,-3944
1764,-2718,-3988
1764,-2658,-4008
1783,-2616,-4028
1769,-2576,-4058
1795,-2795,-4058
1795,-2539,-4077
1806,-2479,-4095
1808,-2450,-4127
1817,-2372,-4141
1819,-2315,-4172
1819,-2235,-4201
1833,-2181,-4246
1845,-2095,-4272
1834,-2058,-4303
1843,-1996,-4331
1841,-1928,-4360
1849,-1867,-4375
1857,-1809,-4388
1865,-1754,-4409
1859,-1677,-4440
1873,-1633,-4464
1872,-1561,-4463
1871,-1482,-4500
1870,-1408,-4506
1871,-1331,-4540
1873,-1266,-4558
1871,-1190,-4591
1863,-1160,-4594
1899,-1098,-4601
1894,-1039,-4627
1900,-947,-4640
1889,-843,-4683
1914,-720,-4686
1922,-627,-4708
1936,-513,-4743
1924,-469,-4731
1940,-425,-4736
1951,-393,-4757
1965,-371,-4747
1971,-352,-4751
1973,-352,-4751
1973,-353,-4763
1967,-333,-4748
1964,-281,-4777
1949,-214,-4776
1974,-179,-4785
1960,-125,-4793
1968,-56,-4808
1973,25,-4806
1960,106,-4814
1982,182,-4838
1967,248,-4839
1970,339,-4842
1976,405,-4849
1980,510,-4860
1959,598,-4851
1971,695,-4888
1987,800,-4847
1986,886,-4866
1983,992,-4865
1964,1063,-4887
1971,1184,-4871
1952,1263,-4874
1935,1343,-4872
1954,1425,-4875
1952,1528,-4865
1949,1607,-4867
1946,1662,-4837
1971,1723,-4854
1954,1799,-4829
1969,1807,-4828
1965,1860,-4820
1950,1865,-4840
1962,1871,-4823
1975,1863,-4814
1985,1866,-4814
1985,1866,-4830
1985,1853,-4805
1975,1822,-4821
1983,1824,-4826
1976,1792,-4830
1979,1771,-4832
1967,1720,-4816
1966,1725,-4809
1950,1714,-4836
1950,1739,-4831
1929,1732,-4815
1917,1773,-4814
1906,1802,-4816
1896,1845,-4806
1894,1903,-4791
1890,1918,-4772
1889,1992,-4779
1908,2078,-4752
1895,2154,-4749
1899,2210,-4708
1916,2323,-4706
1913,2397,-4679
1932,2495,-4643
1958,2585,-4623
1975,2648,-4605
1988,2733,-4551
2028,2792,-4524
2043,2867,-4507
2066,2944,-4470
2047,3011,-4439
2072,3101,-4396
2063,3138,-4362
2068,3215,-4335
2071,3277,-4315
2088,3314,-4309
2097,3363,-4309
2094,3363,-4279
2094,3383,-4290
2097,3409,-4274
2079,3376,-4273
2093,3382,-4293
2046,3375,-4295
2055,3344,-4308
2031,3331,-4323
2018,3305,-4342
2001,3303,-4345
2005,3322,-4370
1977,3303,-4347
1962,3298,-4366
1944,3299,-4355
1924,3333,-4347
1916,3336,-4337
1909,3388,-4347
1902,3415,-4312
1885,3461,-4281
1887,3528,-4261
1882,3622,-4228
1882,3686,-4178
1865,3745,-4147
1852,3822,-4114
1857,3900,-4072
1847,3988,-4022
1864,4073,-3978
1852,4116,-3930
1877,4201,-3892
1839,4282,-3846
1852,4362,-3782
1845,4418,-3750
1865,4473,-3727
1874,4514,-3701
1876,4553,-3686
1895,4605,-3686
1895,4605,-3652
1895,4635,-3636
1901,4687,-3603
1908,4744,-3577
1915,4792,-3531
1914,4837,-3499
1915,4891,-3455
1931,4923,-3437
1929,4970,-3393
1950,5009,-3384
1961,5035,-3372
1964,5055,-3356
1944,5089,-3347
1940,5106,-3320
1943,5144,-3292
1928,5175,-3289
1918,5191,-3270
1928,5211,-3254
1926,5250,-3234
1911,5280,-3196
1942,5312,-3200
1939,5339,-3189
1933,5383,-3165
1918,5422,-3137
1934,5449,-3110
1918,5470,-3065
1954,5508,-3034
1946,5547,-3027
1975,5544,-3021
1942,5565,-3019
1957,5568,-3008
1959,5580,-3002
1953,5603,-2988
1950,5607,-2973
1968,5643,-2963
1964,5658,-2963
1964,5658,-2944
1972,5663,-2916
1982,5706,-2896
1976,5723,-2866
1975,5762,-2837
1966,5797,-2798
1968,5848,-2737
1949,5878,-2710
1941,5933,-2669
1935,5937,-2632
1920,5992,-2582
1938,5998,-2567
1914,6032,-2544
1930,6038,-2519
1923,6050,-2479
1922,6073,-2461
1933,6117,-2428
1937,6134,-2381
1940,6190,-2313
1943,6209,-2269
1940,6274,-2184
1955,6306,-2140
1939,6341,-2071
1941,6396,-2013
1956,6431,-1949
1924,6455,-1866
1936,6491,-1787
1928,6537,-1737
1915,6587,-1656
1917,6592,-1624
1919,6617,-1568
1905,6622,-1557
1921,6640,-1525
1924,6641,-1522
1926,6677,-1488
1956,6677,-1488
1956,6672,-1446
1970,6699,-1417
1999,6710,-1369
2011,6721,-1324
2017,6738,-1268
2026,6777,-1231
2013,6788,-1183
1996,6798,-1126
1976,6845,-1077
2008,6862,-1023
1983,6876,-956
1996,6890,-908
1989,6906,-842
1969,6926,-804
1960,6980,-721
1940,6994,-656
1926,7009,-588
1921,7039,-503
1902,7082,-428
1904,7083,-371
1869,7095,-306
1854,7111,-267
1866,7129,-215
1837,7109,-188
1841,7143,-152
1843,7135,-107
1863,7163,-55
1867,7171,-37
1886,7184,-4
1888,7174,17
1881,7179,58
1885,7189,95
1870,7219,157
1880,7202,196
1874,7229,196
1864,7229,250
1864,7236,295
1862,7265,312
1867,7246,350
1861,7248,360
1877,7250,436
1875,7245,468
1873,7272,528
1875,7264,575
1870,7294,647
1881,7287,721
1884,7305,808
1858,7322,883
1870,7316,971
1857,7306,1047
1886,7326,1120
1869,7334,1204
1878,7337,1272
1864,7317,1331
1868,7310,1393
1893,7344,1470
1906,7342,1521
1896,7335,1581
1899,7319,1671
1929,7310,1700
1911,7332,1745
1926,7332,1776
1948,7331,1821
1948,7313,1869
1931,7304,1934
1964,7317,1963
1964,7296,2038
1971,7296,2071
1954,7304,2146
1946,7291,2202
1958,7261,2202
1934,7261,2287
1934,7261,2350
1917,7249,2432
1923,7222,2497
1902,7231,2564
1909,7213,2623
1894,7194,2690
1890,7194,2755
1861,7166,2812
1862,7168,2875
1863,7145,2895
1849,7146,2944
1884,7139,2973
1900,7126,3005
1887,7105,3074
1931,7077,3141
1904,7076,3216
1907,7053,3293
1901,7042,3332
1901,7000,3412
1888,6986,3454
1901,6974,3513
1918,6953,3547
1947,6912,3623
1913,6904,3685
1943,6860,3765
1920,6859,3806
1920,6818,3884
1919,6787,3971
1933,6743,4050
1922,6680,4148
1929,6645,4253
1919,6611,4338
1921,6525,4459
1926,6452,4588
1931,6367,4588
1930,6367,4718
1930,6310,4812
1916,6293,4858
1910,6261,4889
1911,6273,4871
1915,6248,4921
1943,6237,4922
1941,6246,4938
1957,6242,4932
1954,6251,4923
1979,6244,4930
1992,6246,4943
2005,6216,4963
1983,6232,4998
1979,6209,5022
1981,6179,5068
1983,6152,5095
1985,6125,5137
1970,6124,5168
1970,6106,5216
1962,6073,5232
1964,6058,5282
1970,6014,5331
1948,5998,5382
1925,5952,5429
1917,5906,5474
1892,5863,5519
1884,5828,5607
1859,5772,5652
1866,5735,5706
1838,5666,5777
1871,5649,5823
1904,5579,5891
1936,5536,5968
1967,5492,6030
2009,5459,6030
2034,5459,6076
2034,5420,6128
2067,5400,6163
2095,5363,6203
2111,5322,6227
2103,5352,6285
2116,5315,6321
2113,5270,6351
2117,5286,6363
2120,5250,6396
2118,5204,6423
2129,5168,6469
2120,5170,6503
2120,5127,6517
2116,5112,6512
2129,5124,6541
2117,5092,6533
2135,5089,6559
2122,5068,6575
2150,5067,6585
2143,5069,6584
2142,5042,6596
2142,5005,6606
2133,4982,6645
2130,4927,6687
2134,4841,6706
2127,4773,6748
2153,4670,6783
2156,4572,6822
2183,4472,6873
2192,4372,6893
2213,4291,6923
2220,4233,6943
2228,4147,6955
2222,4104,6968
2239,4324,6968
2239,4068,6988
2232,4044,6983
2241,4037,6982
2222,4003,6988
2213,4044,6972
2185,4066,6944
2188,4109,6930
2156,4166,6893
2142,4245,6842
2139,4299,6784
2107,4398,6709
2078,4514,6643
2057,4552,6585
2062,4546,6614
2022,4481,6631
2017,4458,6669
1973,4389,6711
1955,4343,6770
1936,4285,6822
1902,4213,6867
1866,4139,6923
1846,4047,6988
1820,3992,7015
1819,3954,7051
1771,3857,7088
1761,3814,7127
1732,3785,7151
1717,3730,7194
1687,3730,7214
1680,3656,7228
1646,3672,7255
1649,3663,7260
1632,3636,7282
1602,3629,7292
1603,3632,7315
1595,3620,7315
1595,3620,7303
1597,3608,7333
1591,3621,7340
1569,3593,7332
1571,3603,7337
1572,3593,7350
1572,3597,7361
1561,3590,7353
1564,3582,7376
1566,3581,7376
1562,3588,7379
1549,3584,7399
1552,3565,7382
1554,3572,7402
1535,3580,7403
1536,3574,7406
1547,3589,7424
1528,3570,7426
1541,3580,7427
1549,3584,7434
1532,3582,7434
1541,3564,7437
1519,3594,7426
1522,3584,7441
1519,3593,7420
1530,3592,7429
1520,3575,7433
1538,3581,7445
1510,3572,7436
1506,3590,7456
1515,3573,7459
1504,3580,7462
1512,3594,7457
1498,3602,7465
1500,3601,7459
1506,3834,7459
1506,3578,7481
1506,3594,7461
1485,3596,7469
1507,3591,7456
1507,3603,7479
1527,3591,7459
1529,3587,7463
1504,3583,7465
1516,3593,7472
1510,3605,7464
1524,3587,7451
1517,3607,7481
1510,3601,7449
1509,3595,7461
1503,3590,7468
1519,3587,7465
1505,3595,7463
1493,3605,7451
1489,3592,7457
1495,3588,7474
1493,3595,7466
1490,3611,7474
1474,3592,7459
1483,3609,7478
1476,3603,7471
1481,3592,7472
1463,3597,7469
1475,3615,7479
1477,3615,7480
1489,3601,7480
1477,3593,7465
1476,3622,7480
1477,3594,7463
1475,3588,7467
1463,3603,7460
1482,3594,7460
1482,3594,7478
1479,3598,7474
1477,3603,7471
1480,3612,7470
1479,3591,7473
1502,3614,7462
1513,3605,7462
1528,3591,7456
1543,3587,7463
1567,3579,7446
1570,3573,7460
1578,3556,7459
1584,3582,7451
1592,3566,7461
1585,3592,7448
1592,3586,7446
1584,3585,7444
1604,3582,7446
1579,3574,7459
1583,3600,7449
1584,3586,7451
1590,3572,7442
1582,3569,7459
1592,3581,7458
1572,3590,7450
1598,3586,7453
1591,3580,7449
1594,3588,7453
1597,3585,7442
1593,3580,7459
1595,3575,7439
1587,3585,7465
1586,3590,7453
1601,3586,7458
1600,3567,7436
1596,3560,7436
1590,3560,7466
1590,3575,7462
1595,3566,7460
1592,3552,7448
1573,3567,7445
1582,3561,7449
1593,3572,7445
1597,3581,7448
1593,3571,7432
1590,3579,7459
1595,3568,7463
1607,3553,7451
1573,3579,7438
1594,3581,7451
1587,3568,7448
1599,3591,7441
1579,3557,7448
1585,3582,7458
1572,3574,7455
1589,3571,7457
1585,3590,7448
1600,3602,7435
1593,3579,7452
1591,3566,7447
1585,3573,7444
1589,3587,7457
1582,3578,7455
1589,3572,7462
1576,3568,7439
1598,3564,7447
1574,3567,7444
1587,3578,7469
1580,3596,7436
1605,3572,7462
1584,3581,7450
1603,3583,7451
1588,3583,7451
1588,3571,7454
1608,3584,7460
1593,3573,7450
1594,3604,7443
1585,3579,7442
1585,3576,7461
1601,3576,7450
1591,3574,7456
1586,3584,7463
1595,3574,7445
1598,3577,7456
1596,3584,7436
1585,3575,7462
1591,3582,7440
1599,3565,7459
1595,3574,7453
1593,3590,7455
1585,3571,7451
1595,3587,7457
1597,3564,7449
1601,3571,7466
1590,3580,7445
1593,3578,7438
1588,3579,7432
1600,3585,7458
1585,3556,7438
1590,3578,7447
1576,3568,7440
1598,3585,7455
1590,3580,7459
1600,3590,7443
1594,3574,7458
1589,3579,7458
1584,3575,7445
1588,3580,7441
1591,3583,7441
1591,3583,7446
1580,3589,7462
1579,3574,7451
1601,3593,7454
1580,3574,7445
1585,3575,7452
1602,3588,7444
1593,3580,7456
1604,3578,7455
1583,3560,7446
1597,3582,7457
1593,3580,7450
1599,3583,7447
1603,3587,7453
1597,3594,7458
1585,3568,7445
1582,3594,7442
1600,3586,7448
1593,3585,7461
1596,3584,7448
1613,3572,7447
1592,3571,7446
1613,3580,7454
1584,3581,7449
1589,3573,7466
1585,3585,7429
1604,3570,7451
1603,3580,7451
1603,3581,7449
1574,3583,7451
1586,3580,7448
1590,3590,7441
1592,3603,7449
1592,3580,7443
1592,3589,7449
1597,3570,7449
1578,3570,7433
1578,3579,7445
1584,3581,7449
1592,3568,7467
1597,3582,7459
1591,3567,7452
1599,3579,7438
1592,3588,7440
1598,3586,7444
1580,3588,7453
